{
  "split": "eval",
  "checkpoint": "/projects/prjs1904/runs/wavlm_dann_seed789_fca361a/checkpoints/best.pt",
  "metrics": {
    "eer": 0.06869475032827563,
    "eer_threshold": 0.9996008276939392,
    "min_dcf": 0.1808111399315717,
    "auc": 0.9799524337126236,
    "f1_macro": 0.9012213068711128,
    "precision_macro": 0.8788408446552401,
    "recall_macro": 0.931304327308852,
    "f1_bonafide": 0.8467103042063135,
    "f1_spoof": 0.9557323095359119,
    "precision_bonafide": 0.7762032680092067,
    "precision_spoof": 0.9814784213012736,
    "recall_bonafide": 0.931306241347485,
    "recall_spoof": 0.9313024132702191,
    "tdcf_min": null,
    "tdcf_threshold": null,
    "tdcf_asv_available": false,
    "tdcf_note": "t-DCF requires ASV (Automatic Speaker Verification) scores which are not available in this dataset. t-DCF measures the combined performance of ASV and CM systems in tandem. To compute t-DCF, ASV scores from the official ASVspoof evaluation server or a separate ASV system are needed.",
    "n_samples": 680774,
    "n_bonafide": 138688,
    "n_spoof": 542086,
    "eer_ci_lower": 0.06796079917879073,
    "eer_ci_upper": 0.06938219153499099,
    "min_dcf_ci_lower": 0.17863525650119028,
    "min_dcf_ci_upper": 0.18274764979567584,
    "auc_ci_lower": 0.9796627479985808,
    "auc_ci_upper": 0.980257860671433
  },
  "timestamp": "2026-05-17T01:13:07.554546Z",
  "n_codecs_evaluated": 12,
  "n_codec_qs_evaluated": 9
}