domain,eer,min_dcf,n_samples
1,0.30245556936741236,1.0,98375
2,0.2600991729547748,1.0,98339
3,0.2342742070794634,0.9999504410744375,98280
4,0.22556676363795494,0.9999496855345913,98346
5,0.2222989666532366,1.0,98372
7,0.21099716730114138,1.0,5816
NONE,0.20643275665349925,0.9999430993769381,171602
6,0.2023655783757354,0.9991166077738517,5815
8,0.19143358836071742,0.9991220368744513,5829
