domain,n_samples,n_bonafide,n_spoof,eer,eer_threshold,min_dcf
1,98375,19864,78511,0.1512214161493607,0.999937891960144,0.4095086476719712
2,98339,19931,78408,0.08163435348483233,0.9999148845672607,0.20545542180721418
3,98280,20178,78102,0.06443398738551162,0.9999210834503174,0.16410463240377962
4,98346,19875,78471,0.052376697748934054,0.9999606609344482,0.13145893416219376
5,98372,20297,78075,0.05242914982758991,0.9999679327011108,0.12918777227653808
6,5815,1132,4683,0.06633241881582055,0.9999963045120239,0.16405885810566595
7,5816,1123,4693,0.057813127639941946,0.9999959468841553,0.13389770369047777
8,5829,1139,4690,0.05883607174212969,0.9999947547912598,0.13165684184121407
NONE,171602,35149,136453,0.036246304873411184,0.999956488609314,0.09489740615480488
