{
  "eer": 0.16096542748617967,
  "eer_threshold": 0.9989984631538391,
  "min_dcf": 0.38802314591331494,
  "auc": 0.9146271441700318,
  "f1_macro": 0.7861830234642408,
  "precision_macro": 0.7623444193136122,
  "recall_macro": 0.8390372553655303,
  "f1_bonafide": 0.6798788236428277,
  "f1_spoof": 0.8924872232856539,
  "precision_bonafide": 0.5714727707577238,
  "precision_spoof": 0.9532160678695004,
  "recall_bonafide": 0.8390415897554222,
  "recall_spoof": 0.8390329209756385,
  "tdcf_min": null,
  "tdcf_threshold": null,
  "tdcf_asv_available": false,
  "tdcf_note": "t-DCF requires ASV (Automatic Speaker Verification) scores which are not available in this dataset. t-DCF measures the combined performance of ASV and CM systems in tandem. To compute t-DCF, ASV scores from the official ASVspoof evaluation server or a separate ASV system are needed.",
  "n_samples": 680774,
  "n_bonafide": 138688,
  "n_spoof": 542086,
  "eer_ci_lower": 0.1599620057294818,
  "eer_ci_upper": 0.16185874637245495,
  "min_dcf_ci_lower": 0.3853262889285199,
  "min_dcf_ci_upper": 0.39035720362492365,
  "auc_ci_lower": 0.9139775328220722,
  "auc_ci_upper": 0.9153178756063174
}