domain,n_samples,n_bonafide,n_spoof,eer,eer_threshold,min_dcf
1,98375,19864,78511,0.15358900824161187,0.9778322577476501,0.40339865267307895
2,98339,19931,78408,0.09674203148602706,0.9733327627182007,0.2400513108864496
3,98280,20178,78102,0.08469656928195021,0.9747930765151978,0.20547695343203945
4,98346,19875,78471,0.07326029781943239,0.983643114566803,0.17674602539142564
5,98372,20297,78075,0.07507691599472457,0.9848926067352295,0.18116143252211536
6,5815,1132,4683,0.0927159095110576,0.9960160851478577,0.2290505693475159
7,5816,1123,4693,0.08480753908883448,0.9958886504173279,0.20620556297351975
8,5829,1139,4690,0.08609055562523517,0.9945862293243408,0.1921234165307914
NONE,171602,35149,136453,0.06608938178243656,0.9863200783729553,0.16527486577009137
