domain,n_samples,n_bonafide,n_spoof,eer,eer_threshold,min_dcf
1,98375,19864,78511,0.22846551093422457,0.9983236193656921,0.6037826039911508
2,98339,19931,78408,0.17069924904577563,0.9965323209762573,0.41280048513560935
3,98280,20178,78102,0.14788368539587438,0.9966064691543579,0.3528494897372362
4,98346,19875,78471,0.14077899803388488,0.9978324770927429,0.33113378407069255
5,98372,20297,78075,0.13558705796570622,0.9981752634048462,0.3214043320286445
6,5815,1132,4683,0.1413525653649883,0.999966025352478,0.3192116398762835
7,5816,1123,4693,0.13271561308699664,0.9999635219573975,0.3090481854807723
8,5829,1139,4690,0.1262197416279945,0.9999673366546631,0.30692336636146983
NONE,171602,35149,136453,0.1010002080409093,0.9942065477371216,0.24318519501473831
