{
  "eer": 0.08728364418591623,
  "eer_threshold": 0.9778110980987549,
  "min_dcf": 0.22123502726529756,
  "auc": 0.9714263799400064,
  "f1_macro": 0.8766273206726731,
  "precision_macro": 0.8520125841387465,
  "recall_macro": 0.9127154334512114,
  "f1_bonafide": 0.8099031312782321,
  "f1_spoof": 0.943351510067114,
  "precision_bonafide": 0.727906843013226,
  "precision_spoof": 0.9761183252642669,
  "recall_bonafide": 0.9127177549607752,
  "recall_spoof": 0.9127131119416476,
  "tdcf_min": null,
  "tdcf_threshold": null,
  "tdcf_asv_available": false,
  "tdcf_note": "t-DCF requires ASV (Automatic Speaker Verification) scores which are not available in this dataset. t-DCF measures the combined performance of ASV and CM systems in tandem. To compute t-DCF, ASV scores from the official ASVspoof evaluation server or a separate ASV system are needed.",
  "n_samples": 680774,
  "n_bonafide": 138688,
  "n_spoof": 542086,
  "eer_ci_lower": 0.08654419218319606,
  "eer_ci_upper": 0.08804699891238439,
  "min_dcf_ci_lower": 0.21908883746334906,
  "min_dcf_ci_upper": 0.2234255678788307,
  "auc_ci_lower": 0.9710633813137679,
  "auc_ci_upper": 0.9717937168620818
}