domain,n_samples,n_bonafide,n_spoof,eer,eer_threshold,min_dcf
1,98375,19864,78511,0.1579190300157411,0.9795657396316528,0.8775150484773193
2,98339,19931,78408,0.09337135414650188,0.97244793176651,0.7141094317994775
3,98280,20178,78102,0.07925002737219754,0.9749410152435303,0.595482711359109
4,98346,19875,78471,0.06772127763579527,0.9846615195274353,0.5247326701391669
5,98372,20297,78075,0.06882957880154694,0.9868049621582031,0.5635240060067965
6,5815,1132,4683,0.08392141261264524,0.9975572824478149,0.677702938755245
7,5816,1123,4693,0.07838809587193293,0.9972495436668396,0.5659796453253827
8,5829,1139,4690,0.07798193904427443,0.9965499639511108,0.5324846356453029
NONE,171602,35149,136453,0.05684923181584947,0.9861739873886108,0.42224691935285263
