{
  "eer": 0.15333713998102094,
  "eer_threshold": 0.9987413287162781,
  "min_dcf": 0.372313565807218,
  "auc": 0.9203235637149867,
  "f1_macro": 0.7950852779895283,
  "precision_macro": 0.770616239102689,
  "recall_macro": 0.8466646205078168,
  "f1_bonafide": 0.692281162026324,
  "f1_spoof": 0.8978893939527327,
  "precision_bonafide": 0.58551362024862,
  "precision_spoof": 0.9557188579567579,
  "recall_bonafide": 0.8466702238117213,
  "recall_spoof": 0.8466590172039123,
  "tdcf_min": null,
  "tdcf_threshold": null,
  "tdcf_asv_available": false,
  "tdcf_note": "t-DCF requires ASV (Automatic Speaker Verification) scores which are not available in this dataset. t-DCF measures the combined performance of ASV and CM systems in tandem. To compute t-DCF, ASV scores from the official ASVspoof evaluation server or a separate ASV system are needed.",
  "n_samples": 680774,
  "n_bonafide": 138688,
  "n_spoof": 542086,
  "eer_ci_lower": 0.15230586653959202,
  "eer_ci_upper": 0.15419568144346082,
  "min_dcf_ci_lower": 0.36976362698557974,
  "min_dcf_ci_upper": 0.37479277871894573,
  "auc_ci_lower": 0.9196864246325451,
  "auc_ci_upper": 0.9209915846612093
}