{
  "eer": 0.08966866304370816,
  "eer_threshold": 0.9816477298736572,
  "min_dcf": 0.22585458045406637,
  "auc": 0.9701561083338204,
  "f1_macro": 0.8735284287106091,
  "precision_macro": 0.8487140029165186,
  "recall_macro": 0.9103294922305472,
  "f1_bonafide": 0.8053069685855525,
  "f1_spoof": 0.9417498888356657,
  "precision_bonafide": 0.7220093559492629,
  "precision_spoof": 0.9754186498837742,
  "recall_bonafide": 0.9103311029072451,
  "recall_spoof": 0.9103278815538494,
  "tdcf_min": null,
  "tdcf_threshold": null,
  "tdcf_asv_available": false,
  "tdcf_note": "t-DCF requires ASV (Automatic Speaker Verification) scores which are not available in this dataset. t-DCF measures the combined performance of ASV and CM systems in tandem. To compute t-DCF, ASV scores from the official ASVspoof evaluation server or a separate ASV system are needed.",
  "n_samples": 680774,
  "n_bonafide": 138688,
  "n_spoof": 542086,
  "eer_ci_lower": 0.08886468375731936,
  "eer_ci_upper": 0.09040805356667432,
  "min_dcf_ci_lower": 0.22349460259394263,
  "min_dcf_ci_upper": 0.22792187103635264,
  "auc_ci_lower": 0.969809868840965,
  "auc_ci_upper": 0.9705338278823448
}