domain,eer,min_dcf,n_samples
7,0.5520957398706207,0.9964381121994659,5816
8,0.5514799949830678,0.9964881474978051,5829
6,0.545976952951394,0.9946996466431096,5815
1,0.48907047069491094,0.9993455497382199,98375
2,0.4868780371175566,0.9988460187647383,98339
3,0.47219382777904445,0.9993557339676876,98280
4,0.4655158644113929,0.9984905660377359,98346
5,0.461142709912459,0.9983711578859256,98372
NONE,0.38823459683327655,0.9952586326627991,171602
