{
  "eer": 0.18019432299547122,
  "eer_threshold": 0.9955379962921143,
  "min_dcf": 0.9991783335510712,
  "auc": 0.8974631074167172,
  "f1_macro": 0.7641484723686802,
  "precision_macro": 0.7423227609673337,
  "recall_macro": 0.8198074374933665,
  "f1_bonafide": 0.6495766536787139,
  "f1_spoof": 0.8787202910586467,
  "precision_bonafide": 0.5378843788437885,
  "precision_spoof": 0.9467611430908789,
  "recall_bonafide": 0.8198113751730502,
  "recall_spoof": 0.8198034998136827,
  "tdcf_min": null,
  "tdcf_threshold": null,
  "tdcf_asv_available": false,
  "tdcf_note": "t-DCF requires ASV (Automatic Speaker Verification) scores which are not available in this dataset. t-DCF measures the combined performance of ASV and CM systems in tandem. To compute t-DCF, ASV scores from the official ASVspoof evaluation server or a separate ASV system are needed.",
  "n_samples": 680774,
  "n_bonafide": 138688,
  "n_spoof": 542086
}