{
  "split": "eval",
  "checkpoint": "/projects/prjs1904/runs/wavlm_dann_seed2024_fca361a/checkpoints/best.pt",
  "metrics": {
    "eer": 0.06935663597814146,
    "eer_threshold": 0.9999488592147827,
    "min_dcf": 0.1827557260379689,
    "auc": 0.9793928905841054,
    "f1_macro": 0.9003034690916363,
    "precision_macro": 0.8778071119108231,
    "recall_macro": 0.9306428586004173,
    "f1_bonafide": 0.8453291593534698,
    "f1_spoof": 0.9552777788298029,
    "precision_bonafide": 0.7743137207851418,
    "precision_spoof": 0.9813005030365042,
    "recall_bonafide": 0.9306861444393171,
    "recall_spoof": 0.9305995727615175,
    "tdcf_min": null,
    "tdcf_threshold": null,
    "tdcf_asv_available": false,
    "tdcf_note": "t-DCF requires ASV (Automatic Speaker Verification) scores which are not available in this dataset. t-DCF measures the combined performance of ASV and CM systems in tandem. To compute t-DCF, ASV scores from the official ASVspoof evaluation server or a separate ASV system are needed.",
    "n_samples": 680774,
    "n_bonafide": 138688,
    "n_spoof": 542086,
    "eer_ci_lower": 0.06860083945719382,
    "eer_ci_upper": 0.07006720141633348,
    "min_dcf_ci_lower": 0.1805388569844372,
    "min_dcf_ci_upper": 0.18484262986660285,
    "auc_ci_lower": 0.9790906304264984,
    "auc_ci_upper": 0.979701194009016
  },
  "timestamp": "2026-05-17T00:51:36.490923Z",
  "n_codecs_evaluated": 12,
  "n_codec_qs_evaluated": 9
}