{
  "split": "eval",
  "checkpoint": "/projects/prjs1904/runs/wavlm_erm_seed789_fca361a/checkpoints/best.pt",
  "metrics": {
    "eer": 0.07152742666814638,
    "eer_threshold": 0.9980666041374207,
    "min_dcf": 0.19062538675554175,
    "auc": 0.9783202078958647,
    "f1_macro": 0.8974217597682725,
    "precision_macro": 0.8746191734449646,
    "recall_macro": 0.9284716509689813,
    "f1_bonafide": 0.8409860530122685,
    "f1_spoof": 0.9538574665242766,
    "precision_bonafide": 0.7685668753693081,
    "precision_spoof": 0.9806714715206213,
    "recall_bonafide": 0.9284725426857406,
    "recall_spoof": 0.928470759252222,
    "tdcf_min": null,
    "tdcf_threshold": null,
    "tdcf_asv_available": false,
    "tdcf_note": "t-DCF requires ASV (Automatic Speaker Verification) scores which are not available in this dataset. t-DCF measures the combined performance of ASV and CM systems in tandem. To compute t-DCF, ASV scores from the official ASVspoof evaluation server or a separate ASV system are needed.",
    "n_samples": 680774,
    "n_bonafide": 138688,
    "n_spoof": 542086,
    "eer_ci_lower": 0.07075896632273217,
    "eer_ci_upper": 0.07229463382340533,
    "min_dcf_ci_lower": 0.1882546146970476,
    "min_dcf_ci_upper": 0.19243688200469,
    "auc_ci_lower": 0.9780128973115836,
    "auc_ci_upper": 0.978659238861036
  },
  "timestamp": "2026-05-16T20:41:15.042612Z",
  "n_codecs_evaluated": 12,
  "n_codec_qs_evaluated": 9
}