domain,n_samples,n_bonafide,n_spoof,eer,eer_threshold,min_dcf
1,98375,19864,78511,0.24412067162229778,0.9994770884513855,0.6312597561624391
2,98339,19931,78408,0.17851541361980028,0.9986581802368164,0.4342990793239225
3,98280,20178,78102,0.15566640695916506,0.998583197593689,0.3691565874959689
4,98346,19875,78471,0.14852725451031903,0.9991631507873535,0.34952714126093437
5,98372,20297,78075,0.14365524191185172,0.9993017911911011,0.33698279966134026
6,5815,1132,4683,0.15633524084180883,0.9999892711639404,0.3402668587757085
7,5816,1123,4693,0.14784908236609384,0.9999896287918091,0.3339023144870659
8,5829,1139,4690,0.1377900413896902,0.9999898672103882,0.3249592374263138
NONE,171602,35149,136453,0.10848263893104404,0.9978329539299011,0.2620102330228465
