domain,n_samples,n_bonafide,n_spoof,eer,eer_threshold,min_dcf
1,98375,19864,78511,0.1533864270364253,0.9991326928138733,0.8631004288421754
2,98339,19931,78408,0.0840373650767426,0.9986031651496887,0.6597788278908218
3,98280,20178,78102,0.06783386788214071,0.9986587762832642,0.5307197950227305
4,98346,19875,78471,0.05655469211916528,0.9992291927337646,0.4603617507537336
5,98372,20297,78075,0.05694973732294448,0.9993496537208557,0.4861801252363024
6,5815,1132,4683,0.0724138282291636,0.9999135732650757,0.5910940934392422
7,5816,1123,4693,0.06129873806482021,0.9999080896377563,0.4662467869104229
8,5829,1139,4690,0.0639219867051298,0.9998718500137329,0.4267277060077762
NONE,171602,35149,136453,0.041877041504877074,0.9991490840911865,0.3178764405749504
