domain,eer,min_dcf,n_samples
1,0.3444896545762885,1.0,98375
2,0.2911427450031657,0.9998494807084441,98339
3,0.2544864019742613,0.9999504410744375,98280
7,0.24747046576066095,1.0,5816
5,0.2417701027036374,0.999950731635217,98372
4,0.24020232255011645,1.0,98346
6,0.2297246110093723,1.0,5815
8,0.2282077009908441,1.0,5829
NONE,0.22355968855061809,0.9998861987538765,171602
