{
  "eer": 0.14330555483443785,
  "eer_threshold": 0.9999033212661743,
  "min_dcf": 0.9999855791416706,
  "auc": 0.9285908919086551,
  "f1_macro": 0.8069265584596244,
  "precision_macro": 0.7817890161004916,
  "recall_macro": 0.8566949463439001,
  "f1_bonafide": 0.7089210281377533,
  "f1_spoof": 0.9049320887814954,
  "precision_bonafide": 0.6046102177895379,
  "precision_spoof": 0.9589678144114452,
  "recall_bonafide": 0.856728772496539,
  "recall_spoof": 0.8566611201912612,
  "tdcf_min": null,
  "tdcf_threshold": null,
  "tdcf_asv_available": false,
  "tdcf_note": "t-DCF requires ASV (Automatic Speaker Verification) scores which are not available in this dataset. t-DCF measures the combined performance of ASV and CM systems in tandem. To compute t-DCF, ASV scores from the official ASVspoof evaluation server or a separate ASV system are needed.",
  "n_samples": 680774,
  "n_bonafide": 138688,
  "n_spoof": 542086
}