domain,n_samples,n_bonafide,n_spoof,eer,eer_threshold,min_dcf
1,7236,1450,5786,0.15156203439932298,0.9808123111724854,0.8368053684875502
2,7213,1504,5709,0.09637434407411963,0.9724751710891724,0.6904050808167768
3,7096,1452,5644,0.08409110432981318,0.9711252450942993,0.6046402430333877
4,7178,1471,5707,0.0630637509459503,0.9872806668281555,0.5525941224279175
5,7185,1449,5736,0.06763790350292079,0.985248327255249,0.526554888525054
6,397,80,317,0.08791403785488959,0.9976915121078491,0.5621845425867508
7,446,107,339,0.08187908361591266,0.9972495436668396,0.5887299092989275
8,429,89,340,0.06753139458030402,0.9973556995391846,0.42666886979510904
NONE,12820,2581,10239,0.06122651579591809,0.984490692615509,0.40278021689978366
