{
  "eer": 0.15210266516298648,
  "eer_threshold": 0.997291624546051,
  "min_dcf": 0.3681674678654137,
  "auc": 0.9230281406527204,
  "f1_macro": 0.7965375968427413,
  "precision_macro": 0.7719762425743851,
  "recall_macro": 0.8479000176887236,
  "f1_bonafide": 0.6943126632913634,
  "f1_spoof": 0.898762530394119,
  "precision_bonafide": 0.5878318595130144,
  "precision_spoof": 0.9561206256357558,
  "recall_bonafide": 0.8479032071988925,
  "recall_spoof": 0.8478968281785547,
  "tdcf_min": null,
  "tdcf_threshold": null,
  "tdcf_asv_available": false,
  "tdcf_note": "t-DCF requires ASV (Automatic Speaker Verification) scores which are not available in this dataset. t-DCF measures the combined performance of ASV and CM systems in tandem. To compute t-DCF, ASV scores from the official ASVspoof evaluation server or a separate ASV system are needed.",
  "n_samples": 680774,
  "n_bonafide": 138688,
  "n_spoof": 542086,
  "eer_ci_lower": 0.15131433154071564,
  "eer_ci_upper": 0.15305680416262557,
  "min_dcf_ci_lower": 0.3653830721617636,
  "min_dcf_ci_upper": 0.3705059039026035,
  "auc_ci_lower": 0.9223873653736174,
  "auc_ci_upper": 0.9236742211921748
}