domain,n_samples,n_bonafide,n_spoof,eer,eer_threshold,min_dcf
1,98375,19864,78511,0.25478105308503984,0.9976423382759094,0.9964340439675506
2,98339,19931,78408,0.19783473880715424,0.9950757622718811,0.999195994802618
3,98280,20178,78102,0.17494045447693451,0.9945600628852844,0.9966964790045252
4,98346,19875,78471,0.167448468284041,0.9961522221565247,0.994441373967501
5,98372,20297,78075,0.16139322416580637,0.9965760111808777,0.9961257118533297
6,5815,1132,4683,0.17750609489703756,0.9998506307601929,0.9973498233215548
7,5816,1123,4693,0.16744610633407708,0.9998444318771362,0.9969248073948829
8,5829,1139,4690,0.16244826288724445,0.9998611211776733,0.9940549354069986
NONE,171602,35149,136453,0.12743604713501197,0.9908237457275391,0.9998965922196081
