{
  "eer": 0.1638282048532092,
  "eer_threshold": 0.9987284541130066,
  "min_dcf": 0.3922963250494639,
  "auc": 0.9120746864166605,
  "f1_macro": 0.7828658406184251,
  "precision_macro": 0.7592896703148385,
  "recall_macro": 0.8361744779985009,
  "f1_bonafide": 0.6752808138214554,
  "f1_spoof": 0.8904508674153948,
  "precision_bonafide": 0.5663108341716395,
  "precision_spoof": 0.9522685064580375,
  "recall_bonafide": 0.8361790493770189,
  "recall_spoof": 0.8361699066199828,
  "tdcf_min": null,
  "tdcf_threshold": null,
  "tdcf_asv_available": false,
  "tdcf_note": "t-DCF requires ASV (Automatic Speaker Verification) scores which are not available in this dataset. t-DCF measures the combined performance of ASV and CM systems in tandem. To compute t-DCF, ASV scores from the official ASVspoof evaluation server or a separate ASV system are needed.",
  "n_samples": 680774,
  "n_bonafide": 138688,
  "n_spoof": 542086,
  "eer_ci_lower": 0.16297309552192163,
  "eer_ci_upper": 0.16469919881771514,
  "min_dcf_ci_lower": 0.3895444309267649,
  "min_dcf_ci_upper": 0.3948143198559695,
  "auc_ci_lower": 0.9113664684895766,
  "auc_ci_upper": 0.9127642780263613
}