{
  "wavlm": {
    "description": "WavLM Base+ (gated rel pos bias + denoising pretraining)",
    "per_layer": {
      "0": {
        "accuracy": 0.9359999999999999,
        "accuracy_std": 0.006344288770224772,
        "scores": [
          0.93875,
          0.94,
          0.94125,
          0.92375,
          0.93625
        ],
        "status": "ok"
      },
      "1": {
        "accuracy": 0.906,
        "accuracy_std": 0.0066801946079436715,
        "scores": [
          0.9075,
          0.9125,
          0.91125,
          0.89375,
          0.905
        ],
        "status": "ok"
      },
      "2": {
        "accuracy": 0.8637500000000001,
        "accuracy_std": 0.007202430145443991,
        "scores": [
          0.86875,
          0.855,
          0.87375,
          0.865,
          0.85625
        ],
        "status": "ok"
      },
      "3": {
        "accuracy": 0.8320000000000001,
        "accuracy_std": 0.005999999999999999,
        "scores": [
          0.82375,
          0.83375,
          0.83875,
          0.82625,
          0.8375
        ],
        "status": "ok"
      },
      "4": {
        "accuracy": 0.8067499999999999,
        "accuracy_std": 0.010535653752852729,
        "scores": [
          0.795,
          0.82125,
          0.8,
          0.8,
          0.8175
        ],
        "status": "ok"
      },
      "5": {
        "accuracy": 0.7862500000000001,
        "accuracy_std": 0.008660254037844371,
        "scores": [
          0.78,
          0.8025,
          0.7875,
          0.77875,
          0.7825
        ],
        "status": "ok"
      },
      "6": {
        "accuracy": 0.77225,
        "accuracy_std": 0.011247221879201987,
        "scores": [
          0.785,
          0.7725,
          0.7675,
          0.7825,
          0.75375
        ],
        "status": "ok"
      },
      "7": {
        "accuracy": 0.7445,
        "accuracy_std": 0.009893179468704676,
        "scores": [
          0.7475,
          0.75,
          0.7575,
          0.73875,
          0.72875
        ],
        "status": "ok"
      },
      "8": {
        "accuracy": 0.7427499999999999,
        "accuracy_std": 0.011191514642799693,
        "scores": [
          0.755,
          0.7475,
          0.7525,
          0.72875,
          0.73
        ],
        "status": "ok"
      },
      "9": {
        "accuracy": 0.74225,
        "accuracy_std": 0.012308533625091173,
        "scores": [
          0.7425,
          0.74375,
          0.7475,
          0.7575,
          0.72
        ],
        "status": "ok"
      },
      "10": {
        "accuracy": 0.72275,
        "accuracy_std": 0.012051970793193976,
        "scores": [
          0.715,
          0.7225,
          0.73875,
          0.7325,
          0.705
        ],
        "status": "ok"
      },
      "11": {
        "accuracy": 0.7230000000000001,
        "accuracy_std": 0.015704298774539424,
        "scores": [
          0.7225,
          0.70625,
          0.73875,
          0.7425,
          0.705
        ],
        "status": "ok"
      }
    }
  },
  "w2v2": {
    "description": "Wav2Vec 2.0 Base (conv pos embeddings + contrastive pretraining)",
    "per_layer": {
      "0": {
        "accuracy": 0.7715,
        "accuracy_std": 0.01233389638354399,
        "scores": [
          0.7775,
          0.76,
          0.78875,
          0.77625,
          0.755
        ],
        "status": "ok"
      },
      "1": {
        "accuracy": 0.7825,
        "accuracy_std": 0.01420827223838282,
        "scores": [
          0.7925,
          0.775,
          0.8025,
          0.78125,
          0.76125
        ],
        "status": "ok"
      },
      "2": {
        "accuracy": 0.7455,
        "accuracy_std": 0.01619413474070164,
        "scores": [
          0.7475,
          0.73875,
          0.75625,
          0.76625,
          0.71875
        ],
        "status": "ok"
      },
      "3": {
        "accuracy": 0.7014999999999999,
        "accuracy_std": 0.010647769719523439,
        "scores": [
          0.6975,
          0.69375,
          0.7175,
          0.71,
          0.68875
        ],
        "status": "ok"
      },
      "4": {
        "accuracy": 0.6765,
        "accuracy_std": 0.017128193132960625,
        "scores": [
          0.69875,
          0.6625,
          0.6925,
          0.675,
          0.65375
        ],
        "status": "ok"
      },
      "5": {
        "accuracy": 0.6407499999999999,
        "accuracy_std": 0.01853375299285062,
        "scores": [
          0.63125,
          0.635,
          0.6725,
          0.6475,
          0.6175
        ],
        "status": "ok"
      },
      "6": {
        "accuracy": 0.6055,
        "accuracy_std": 0.016366887303332914,
        "scores": [
          0.60375,
          0.605,
          0.63375,
          0.6025,
          0.5825
        ],
        "status": "ok"
      },
      "7": {
        "accuracy": 0.5567499999999999,
        "accuracy_std": 0.009861541461658026,
        "scores": [
          0.5675,
          0.5575,
          0.5475,
          0.54375,
          0.5675
        ],
        "status": "ok"
      },
      "8": {
        "accuracy": 0.53725,
        "accuracy_std": 0.01130265455545732,
        "scores": [
          0.53625,
          0.535,
          0.5575,
          0.5225,
          0.535
        ],
        "status": "ok"
      },
      "9": {
        "accuracy": 0.51075,
        "accuracy_std": 0.015744046493833787,
        "scores": [
          0.50625,
          0.51625,
          0.52125,
          0.5275,
          0.4825
        ],
        "status": "ok"
      },
      "10": {
        "accuracy": 0.5182499999999999,
        "accuracy_std": 0.012514991010783828,
        "scores": [
          0.505,
          0.5275,
          0.52625,
          0.53125,
          0.50125
        ],
        "status": "ok"
      },
      "11": {
        "accuracy": 0.512,
        "accuracy_std": 0.015783694117664608,
        "scores": [
          0.5175,
          0.52375,
          0.5025,
          0.53,
          0.48625
        ],
        "status": "ok"
      }
    }
  },
  "analysis": {
    "wavlm": {
      "mean_accuracy": 0.7981875,
      "std_accuracy": 0.06914644219878562,
      "peak_layer": 0,
      "peak_accuracy": 0.9359999999999999,
      "early_layers_mean": 0.8844375,
      "middle_layers_mean": 0.7774375,
      "late_layers_mean": 0.7326874999999999
    },
    "w2v2": {
      "mean_accuracy": 0.6298958333333333,
      "std_accuracy": 0.09967015697274799,
      "peak_layer": 1,
      "peak_accuracy": 0.7825,
      "early_layers_mean": 0.75025,
      "middle_layers_mean": 0.619875,
      "late_layers_mean": 0.5195624999999999
    },
    "comparison": {
      "mean_difference": 0.16829166666666673,
      "correlation": 0.96593123254947,
      "layers_where_wavlm_higher": [
        0,
        1,
        2,
        3,
        4,
        5,
        6,
        7,
        8,
        9,
        10,
        11
      ],
      "layers_where_w2v2_higher": []
    }
  },
  "config": {
    "num_samples": 2000,
    "data_source": "synthetic",
    "codecs_available": [
      "MP3",
      "AAC",
      "OPUS"
    ],
    "seed": 42
  }
}