{
  "model": {
    "codec": {
      "per_layer": {
        "0": {
          "status": "ok",
          "accuracy": 0.7809999999999999,
          "accuracy_std": 0.013038404810405309,
          "cv_scores": [
            0.787,
            0.798,
            0.776,
            0.759,
            0.785
          ],
          "n_samples": 5000,
          "n_classes": 12,
          "cv_folds_requested": 5,
          "cv_folds_used": 5,
          "class_counts": {
            "0": 351,
            "1": 361,
            "2": 327,
            "3": 380,
            "4": 384,
            "5": 280,
            "6": 341,
            "7": 327,
            "8": 287,
            "9": 330,
            "10": 330,
            "11": 1302
          }
        },
        "1": {
          "status": "ok",
          "accuracy": 0.7642,
          "accuracy_std": 0.011805083650698975,
          "cv_scores": [
            0.748,
            0.766,
            0.784,
            0.758,
            0.765
          ],
          "n_samples": 5000,
          "n_classes": 12,
          "cv_folds_requested": 5,
          "cv_folds_used": 5,
          "class_counts": {
            "0": 351,
            "1": 361,
            "2": 327,
            "3": 380,
            "4": 384,
            "5": 280,
            "6": 341,
            "7": 327,
            "8": 287,
            "9": 330,
            "10": 330,
            "11": 1302
          }
        },
        "2": {
          "status": "ok",
          "accuracy": 0.7462000000000001,
          "accuracy_std": 0.010609429767899884,
          "cv_scores": [
            0.748,
            0.753,
            0.76,
            0.729,
            0.741
          ],
          "n_samples": 5000,
          "n_classes": 12,
          "cv_folds_requested": 5,
          "cv_folds_used": 5,
          "class_counts": {
            "0": 351,
            "1": 361,
            "2": 327,
            "3": 380,
            "4": 384,
            "5": 280,
            "6": 341,
            "7": 327,
            "8": 287,
            "9": 330,
            "10": 330,
            "11": 1302
          }
        },
        "3": {
          "status": "ok",
          "accuracy": 0.6712,
          "accuracy_std": 0.012528367810692671,
          "cv_scores": [
            0.667,
            0.685,
            0.687,
            0.66,
            0.657
          ],
          "n_samples": 5000,
          "n_classes": 12,
          "cv_folds_requested": 5,
          "cv_folds_used": 5,
          "class_counts": {
            "0": 351,
            "1": 361,
            "2": 327,
            "3": 380,
            "4": 384,
            "5": 280,
            "6": 341,
            "7": 327,
            "8": 287,
            "9": 330,
            "10": 330,
            "11": 1302
          }
        },
        "4": {
          "status": "ok",
          "accuracy": 0.579,
          "accuracy_std": 0.0203076340325504,
          "cv_scores": [
            0.583,
            0.609,
            0.587,
            0.548,
            0.568
          ],
          "n_samples": 5000,
          "n_classes": 12,
          "cv_folds_requested": 5,
          "cv_folds_used": 5,
          "class_counts": {
            "0": 351,
            "1": 361,
            "2": 327,
            "3": 380,
            "4": 384,
            "5": 280,
            "6": 341,
            "7": 327,
            "8": 287,
            "9": 330,
            "10": 330,
            "11": 1302
          }
        },
        "5": {
          "status": "ok",
          "accuracy": 0.46519999999999995,
          "accuracy_std": 0.010514751542475914,
          "cv_scores": [
            0.475,
            0.475,
            0.471,
            0.454,
            0.451
          ],
          "n_samples": 5000,
          "n_classes": 12,
          "cv_folds_requested": 5,
          "cv_folds_used": 5,
          "class_counts": {
            "0": 351,
            "1": 361,
            "2": 327,
            "3": 380,
            "4": 384,
            "5": 280,
            "6": 341,
            "7": 327,
            "8": 287,
            "9": 330,
            "10": 330,
            "11": 1302
          }
        },
        "6": {
          "status": "ok",
          "accuracy": 0.379,
          "accuracy_std": 0.011983321743156205,
          "cv_scores": [
            0.38,
            0.392,
            0.379,
            0.387,
            0.357
          ],
          "n_samples": 5000,
          "n_classes": 12,
          "cv_folds_requested": 5,
          "cv_folds_used": 5,
          "class_counts": {
            "0": 351,
            "1": 361,
            "2": 327,
            "3": 380,
            "4": 384,
            "5": 280,
            "6": 341,
            "7": 327,
            "8": 287,
            "9": 330,
            "10": 330,
            "11": 1302
          }
        },
        "7": {
          "status": "ok",
          "accuracy": 0.31880000000000003,
          "accuracy_std": 0.005635601121442153,
          "cv_scores": [
            0.313,
            0.32,
            0.327,
            0.322,
            0.312
          ],
          "n_samples": 5000,
          "n_classes": 12,
          "cv_folds_requested": 5,
          "cv_folds_used": 5,
          "class_counts": {
            "0": 351,
            "1": 361,
            "2": 327,
            "3": 380,
            "4": 384,
            "5": 280,
            "6": 341,
            "7": 327,
            "8": 287,
            "9": 330,
            "10": 330,
            "11": 1302
          }
        },
        "8": {
          "status": "ok",
          "accuracy": 0.3034,
          "accuracy_std": 0.01011137972781164,
          "cv_scores": [
            0.316,
            0.304,
            0.292,
            0.292,
            0.313
          ],
          "n_samples": 5000,
          "n_classes": 12,
          "cv_folds_requested": 5,
          "cv_folds_used": 5,
          "class_counts": {
            "0": 351,
            "1": 361,
            "2": 327,
            "3": 380,
            "4": 384,
            "5": 280,
            "6": 341,
            "7": 327,
            "8": 287,
            "9": 330,
            "10": 330,
            "11": 1302
          }
        },
        "9": {
          "status": "ok",
          "accuracy": 0.30660000000000004,
          "accuracy_std": 0.014745846872933423,
          "cv_scores": [
            0.33,
            0.284,
            0.309,
            0.308,
            0.302
          ],
          "n_samples": 5000,
          "n_classes": 12,
          "cv_folds_requested": 5,
          "cv_folds_used": 5,
          "class_counts": {
            "0": 351,
            "1": 361,
            "2": 327,
            "3": 380,
            "4": 384,
            "5": 280,
            "6": 341,
            "7": 327,
            "8": 287,
            "9": 330,
            "10": 330,
            "11": 1302
          }
        },
        "10": {
          "status": "ok",
          "accuracy": 0.3262,
          "accuracy_std": 0.017348198753761146,
          "cv_scores": [
            0.36,
            0.324,
            0.316,
            0.319,
            0.312
          ],
          "n_samples": 5000,
          "n_classes": 12,
          "cv_folds_requested": 5,
          "cv_folds_used": 5,
          "class_counts": {
            "0": 351,
            "1": 361,
            "2": 327,
            "3": 380,
            "4": 384,
            "5": 280,
            "6": 341,
            "7": 327,
            "8": 287,
            "9": 330,
            "10": 330,
            "11": 1302
          }
        },
        "11": {
          "status": "ok",
          "accuracy": 0.33039999999999997,
          "accuracy_std": 0.007227724399837046,
          "cv_scores": [
            0.344,
            0.33,
            0.329,
            0.323,
            0.326
          ],
          "n_samples": 5000,