domain,n_samples,n_bonafide,n_spoof,eer,eer_threshold,min_dcf
1,98375,19864,78511,0.2858445164890485,1.0,0.9999496576721708
2,98339,19931,78408,0.2122846928601973,0.9999997615814209,1.0
3,98280,20178,78102,0.18332141817519856,0.9999997615814209,1.0
4,98346,19875,78471,0.16949939973017314,0.9999998807907104,0.9999496855345913
5,98372,20297,78075,0.16499747529210437,1.0,1.0
6,5815,1132,4683,0.26674691331475625,1.0,1.0
7,5816,1123,4693,0.257482061060229,1.0,1.0
8,5829,1139,4690,0.256540825285338,1.0,1.0
NONE,171602,35149,136453,0.1300744578823662,0.9999997615814209,0.9998801798052767
