domain,n_samples,n_bonafide,n_spoof,eer,eer_threshold,min_dcf
1,98375,19864,78511,0.15228496747659015,0.9731094241142273,0.40217307536749236
2,98339,19931,78408,0.0945222657925992,0.9674267768859863,0.23583195971617837
3,98280,20178,78102,0.08266271163825634,0.9693612456321716,0.20031968191096466
4,98346,19875,78471,0.070639534903292,0.9802280068397522,0.17175611093438434
5,98372,20297,78075,0.07291712340081521,0.981964111328125,0.1752181292563674
6,5815,1132,4683,0.09010959119105343,0.9953914880752563,0.22243088111347786
7,5816,1123,4693,0.0818737062968112,0.9951910972595215,0.1975800717956054
8,5829,1139,4690,0.07992600025084662,0.9939090013504028,0.1854258121158911
NONE,171602,35149,136453,0.06276146208832462,0.9834651947021484,0.15800821058022332
