domain,n_samples,n_bonafide,n_spoof,eer,eer_threshold,min_dcf
1,98375,19864,78511,0.21526649587230487,0.9999372959136963,0.9996882386990076
2,98339,19931,78408,0.160606347728149,0.9998551607131958,0.9988469562148375
3,98280,20178,78102,0.13911242945391455,0.9998706579208374,0.997161183877868
4,98346,19875,78471,0.13217615929740179,0.9999291896820068,0.9883720898695179
5,98372,20297,78075,0.1272612170365178,0.9999428987503052,0.9979202565880032
6,5815,1132,4683,0.13440238317831055,0.9999996423721313,1.0
7,5816,1123,4693,0.1289103776887538,0.9999995231628418,0.990691503743948
8,5829,1139,4690,0.12113382666499435,0.9999996423721313,0.9991220368744513
NONE,171602,35149,136453,0.09943733595395259,0.999769389629364,0.8518055049684611
