domain,n_samples,n_bonafide,n_spoof,eer,eer_threshold,min_dcf
1,98375,19864,78511,0.25069788928304837,0.9991433620452881,0.6458224275495603
2,98339,19931,78408,0.18814659068839018,0.9979982972145081,0.44841684361501205
3,98280,20178,78102,0.16572211740492332,0.9978420734405518,0.3874308650704055
4,98346,19875,78471,0.15773145373017264,0.9986003041267395,0.3640531392080188
5,98372,20297,78075,0.15302353675835711,0.9987800717353821,0.35403576454176755
6,5815,1132,4683,0.16523650690528632,0.9999698400497437,0.3634529525258263
7,5816,1123,4693,0.15841245529851683,0.9999696016311646,0.36253209769044625
8,5829,1139,4690,0.15098457293365108,0.9999706745147705,0.3497052552364228
NONE,171602,35149,136453,0.11504816740240283,0.9965265393257141,0.27368825966652144
