{
  "eer": 0.15301349182215968,
  "eer_threshold": 0.9999995231628418,
  "min_dcf": 0.37170787594800697,
  "auc": 0.9067913410532771,
  "f1_macro": 0.7954139431946133,
  "precision_macro": 0.7709153976879269,
  "recall_macro": 0.8470155941190134,
  "f1_bonafide": 0.6927650993652769,
  "f1_spoof": 0.8980627870239498,
  "precision_bonafide": 0.5859611500386505,
  "precision_spoof": 0.9558696453372034,
  "recall_bonafide": 0.8471821642824181,
  "recall_spoof": 0.8468490239556086,
  "tdcf_min": null,
  "tdcf_threshold": null,
  "tdcf_asv_available": false,
  "tdcf_note": "t-DCF requires ASV (Automatic Speaker Verification) scores which are not available in this dataset. t-DCF measures the combined performance of ASV and CM systems in tandem. To compute t-DCF, ASV scores from the official ASVspoof evaluation server or a separate ASV system are needed.",
  "n_samples": 680774,
  "n_bonafide": 138688,
  "n_spoof": 542086,
  "eer_ci_lower": 0.1521485723321363,
  "eer_ci_upper": 0.15395127549634244,
  "min_dcf_ci_lower": 0.36889370264819427,
  "min_dcf_ci_upper": 0.3741597544482119,
  "auc_ci_lower": 0.9061224808907047,
  "auc_ci_upper": 0.9075052549482548
}