domain,n_samples,n_bonafide,n_spoof,eer,eer_threshold,min_dcf
1,98375,19864,78511,0.2386637161509514,0.999148964881897,0.6222397148593519
2,98339,19931,78408,0.17420257813392537,0.998146653175354,0.42042252599854346
3,98280,20178,78102,0.14936968790623556,0.9982251524925232,0.35433889364147436
4,98346,19875,78471,0.1408930303058719,0.9990013241767883,0.33158296046394253
5,98372,20297,78075,0.13563090444396708,0.9991764426231384,0.3187132103315397
6,5815,1132,4683,0.15286014974846995,0.9999867677688599,0.3334336322115402
7,5816,1123,4693,0.1415361808069805,0.999987006187439,0.3272839618848405
8,5829,1139,4690,0.13432835820895522,0.9999874830245972,0.3208704377273297
NONE,171602,35149,136453,0.09966106516061941,0.9976676106452942,0.24111140509722334
