{
  "split": "eval",
  "checkpoint": "/projects/prjs1904/runs/wavlm_erm_seed2024_fca361a/checkpoints/best.pt",
  "metrics": {
    "eer": 0.08113868827119251,
    "eer_threshold": 0.9999583959579468,
    "min_dcf": 0.21059072401775586,
    "auc": 0.9721374096048525,
    "f1_macro": 0.8846553619135957,
    "precision_macro": 0.8606360221295746,
    "recall_macro": 0.9188628195069246,
    "f1_bonafide": 0.8218557033454252,
    "f1_spoof": 0.9474550204817661,
    "precision_bonafide": 0.743357618250436,
    "precision_spoof": 0.9779144260087133,
    "recall_bonafide": 0.918889882325796,
    "recall_spoof": 0.9188357566880532,
    "tdcf_min": null,
    "tdcf_threshold": null,
    "tdcf_asv_available": false,
    "tdcf_note": "t-DCF requires ASV (Automatic Speaker Verification) scores which are not available in this dataset. t-DCF measures the combined performance of ASV and CM systems in tandem. To compute t-DCF, ASV scores from the official ASVspoof evaluation server or a separate ASV system are needed.",
    "n_samples": 680774,
    "n_bonafide": 138688,
    "n_spoof": 542086,
    "eer_ci_lower": 0.08041506125718227,
    "eer_ci_upper": 0.08188718693954551,
    "min_dcf_ci_lower": 0.2080865161174497,
    "min_dcf_ci_upper": 0.21257942109856615,
    "auc_ci_lower": 0.9717729521304995,
    "auc_ci_upper": 0.9725061854567061
  },
  "timestamp": "2026-05-16T20:32:29.969197Z",
  "n_codecs_evaluated": 12,
  "n_codec_qs_evaluated": 9
}