domain,n_samples,n_bonafide,n_spoof,eer,eer_threshold,min_dcf
1,98375,19864,78511,0.1629580860080233,0.9978694915771484,0.44043546119343197
2,98339,19931,78408,0.08348720632862286,0.9961187839508057,0.2132594055449877
3,98280,20178,78102,0.06567445677238423,0.9964622855186462,0.1697645061282312
4,98346,19875,78471,0.05338321307499009,0.998741090297699,0.1360993355314774
5,98372,20297,78075,0.053351890295269586,0.9990656971931458,0.13217548227268858
6,5815,1132,4683,0.06275055855741654,0.9999595880508423,0.16087211921324326
7,5816,1123,4693,0.05519891982128325,0.9999407529830933,0.13982572706854468
8,5829,1139,4690,0.05007525398218989,0.9999207258224487,0.12799448137463937
NONE,171602,35149,136453,0.03481685107625622,0.9979137778282166,0.09273718352658125
