domain,n_samples,n_bonafide,n_spoof,eer,eer_threshold,min_dcf
1,98375,19864,78511,0.23942976420474654,0.9999996423721313,1.0
2,98339,19931,78408,0.17480333103190293,0.999998927116394,0.9998494807084441
3,98280,20178,78102,0.15017587993248654,0.9999990463256836,0.999900882148875
4,98346,19875,78471,0.14077899803388488,0.9999996423721313,0.9999496855345913
5,98372,20297,78075,0.13483970341106993,0.9999997615814209,0.999901463270434
6,5815,1132,4683,0.22690475435923788,1.0,1.0
7,5816,1123,4693,0.2182880131242625,1.0,1.0
8,5829,1139,4690,0.2184748526276182,1.0,1.0
NONE,171602,35149,136453,0.09949510038829501,0.999998927116394,0.9996435488901297
