{
  "eer": 0.17009440300253353,
  "eer_threshold": 0.9983589053153992,
  "min_dcf": 0.4031612489406894,
  "auc": 0.9073024542385388,
  "f1_macro": 0.7756521009528736,
  "precision_macro": 0.752697054643561,
  "recall_macro": 0.8299092022120489,
  "f1_bonafide": 0.6653255990728136,
  "f1_spoof": 0.8859786028329337,
  "precision_bonafide": 0.5552157449169098,
  "precision_spoof": 0.9501783643702122,
  "recall_bonafide": 0.8299131864328565,
  "recall_spoof": 0.8299052179912413,
  "tdcf_min": null,
  "tdcf_threshold": null,
  "tdcf_asv_available": false,
  "tdcf_note": "t-DCF requires ASV (Automatic Speaker Verification) scores which are not available in this dataset. t-DCF measures the combined performance of ASV and CM systems in tandem. To compute t-DCF, ASV scores from the official ASVspoof evaluation server or a separate ASV system are needed.",
  "n_samples": 680774,
  "n_bonafide": 138688,
  "n_spoof": 542086,
  "eer_ci_lower": 0.16920860661176687,
  "eer_ci_upper": 0.1709450713878856,
  "min_dcf_ci_lower": 0.40025746421687647,
  "min_dcf_ci_upper": 0.40557400971391555,
  "auc_ci_lower": 0.9065896550010434,
  "auc_ci_upper": 0.9080148200543803
}