{
  "best_epoch": 2,
  "best_eer": 0.03262421240809943,
  "final_epoch": 12,
  "final_val": {
    "loss": 1.1584054791992242,
    "task_loss": 1.1584054791992242,
    "task_acc": 0.7879221491285764,
    "eer": 0.038076020362563925,
    "min_dcf": 0.3545430053334983
  }
}