domain,n_samples,n_bonafide,n_spoof,eer,eer_threshold,min_dcf
1,7236,1450,5786,0.15087154487049598,0.999160885810852,0.7925346555895919
2,7213,1504,5709,0.08776106595409264,0.9985221028327942,0.667180739258282
3,7096,1452,5644,0.07090418065065317,0.9985381364822388,0.5287499048210342
4,7178,1471,5707,0.05150299636795582,0.9993762373924255,0.47945389378936054
5,7185,1449,5736,0.055237741509798995,0.9992966651916504,0.4698302248556933
6,397,80,317,0.07377760252365931,0.9999419450759888,0.47981072555205045
7,446,107,339,0.06515865795495271,0.9999278783798218,0.4766079453036694
8,429,89,340,0.05603106411103767,0.9999421834945679,0.33707865168539325
NONE,12820,2581,10239,0.04376787646235218,0.9990009665489197,0.31232179352075096
