domain,n_samples,n_bonafide,n_spoof,eer,eer_threshold,min_dcf
1,98375,19864,78511,0.15344344087206743,0.999552309513092,0.4090866173660886
2,98339,19931,78408,0.07936399364154664,0.9993327260017395,0.20300843068775004
3,98280,20178,78102,0.062305757623251246,0.9993744492530823,0.16079279638230573
4,98346,19875,78471,0.051674048554892174,0.9996880292892456,0.1314923926950059
5,98372,20297,78075,0.051487197064040875,0.9997524619102478,0.13061423547164186
6,5815,1132,4683,0.06188178578408181,0.9999772310256958,0.15679404643062753
7,5816,1123,4693,0.05607032242750282,0.9999676942825317,0.12939741442465888
8,5829,1139,4690,0.05277812617584347,0.9999614953994751,0.12684058698106104
NONE,171602,35149,136453,0.03524642006847299,0.9996353387832642,0.09395284194679634
