{
  "eer": 0.07363196961954818,
  "eer_threshold": 0.999083399772644,
  "min_dcf": 0.5769295439924506,
  "n_samples": 50000,
  "n_bonafide": 10183,
  "n_spoof": 39817
}