domain,n_samples,n_bonafide,n_spoof,eer,eer_threshold,min_dcf
1,98375,19864,78511,0.1565200671824716,0.9978621602058411,0.8672124802826149
2,98339,19931,78408,0.08870435961162224,0.996807336807251,0.672166448356615
3,98280,20178,78102,0.07374029469137444,0.9968469738960266,0.5571504643473729
4,98346,19875,78471,0.06254951150082363,0.9981556534767151,0.48393931852723865
5,98372,20297,78075,0.0640951808014103,0.9983901977539062,0.5261397665102305
6,5815,1132,4683,0.07599568848756762,0.9997408986091614,0.6251547775617242
7,5816,1123,4693,0.06858958388794133,0.9996885061264038,0.5033978534939307
8,5829,1139,4690,0.06759688950206949,0.9996091723442078,0.4475981437351059
NONE,171602,35149,136453,0.04984314155621959,0.9981512427330017,0.35315346183044805
