{
  "eer": 0.14270202651314498,
  "eer_threshold": 0.999125063419342,
  "min_dcf": 0.34897255587601905,
  "auc": 0.9298082235185458,
  "f1_macro": 0.8076619240362984,
  "precision_macro": 0.7824916361476172,
  "recall_macro": 0.8572997339756927,
  "f1_bonafide": 0.7099553658063265,
  "f1_spoof": 0.9053684822662704,
  "precision_bonafide": 0.6058280723744885,
  "precision_spoof": 0.9591551999207458,
  "recall_bonafide": 0.8573056068297185,
  "recall_spoof": 0.8572938611216671,
  "tdcf_min": null,
  "tdcf_threshold": null,
  "tdcf_asv_available": false,
  "tdcf_note": "t-DCF requires ASV (Automatic Speaker Verification) scores which are not available in this dataset. t-DCF measures the combined performance of ASV and CM systems in tandem. To compute t-DCF, ASV scores from the official ASVspoof evaluation server or a separate ASV system are needed.",
  "n_samples": 680774,
  "n_bonafide": 138688,
  "n_spoof": 542086,
  "eer_ci_lower": 0.1417501180901219,
  "eer_ci_upper": 0.1435290030692156,
  "min_dcf_ci_lower": 0.3462843191180878,
  "min_dcf_ci_upper": 0.3511930200333019,
  "auc_ci_lower": 0.9292102934296852,
  "auc_ci_upper": 0.9304315859002527
}