{
  "analysis": "projection_layer_probe",
  "description": "Probe projection layer outputs for domain invariance (RQ3)",
  "split": "eval",
  "domain_source": "protocol",
  "n_samples": 5000,
  "cv_folds": 5,
  "seed": 42,
  "timestamp": "2026-02-13T14:28:17.929153Z",
  "checkpoints": {
    "erm": "/projects/prjs1904/runs/w2v2_erm/checkpoints/best.pt",
    "dann": "/projects/prjs1904/runs/w2v2_dann/checkpoints/best.pt"
  },
  "results": {
    "erm": {
      "codec": {
        "status": "ok",
        "accuracy": 0.47139999999999993,
        "accuracy_std": 0.010707007051459324,
        "cv_scores": [
          0.475,
          0.474,
          0.488,
          0.463,
          0.457
        ],
        "n_samples": 5000,
        "n_classes": 12,
        "cv_folds_used": 5,
        "class_distribution": {
          "0": 351,
          "1": 361,
          "2": 327,
          "3": 380,
          "4": 384,
          "5": 280,
          "6": 341,
          "7": 327,
          "8": 287,
          "9": 330,
          "10": 330,
          "11": 1302
        }
      }
    },
    "dann": {
      "codec": {
        "status": "ok",
        "accuracy": 0.4596,
        "accuracy_std": 0.009748846085563145,
        "cv_scores": [
          0.46,
          0.466,
          0.474,
          0.45,
          0.448
        ],
        "n_samples": 5000,
        "n_classes": 12,
        "cv_folds_used": 5,
        "class_distribution": {
          "0": 351,
          "1": 361,
          "2": 327,
          "3": 380,
          "4": 384,
          "5": 280,
          "6": 341,
          "7": 327,
          "8": 287,
          "9": 330,
          "10": 330,
          "11": 1302
        }
      }
    }
  },
  "comparison": {
    "codec": {
      "erm_accuracy": 0.47139999999999993,
      "dann_accuracy": 0.4596,
      "reduction": 0.011799999999999922,
      "relative_reduction": 0.025031820110309553,
      "dann_is_more_invariant": true
    }
  },
  "rq3_summary": {
    "question": "Does DANN reduce domain information in learned representations?",
    "answer": true,
    "evidence": {
      "codec": {
        "erm_accuracy": 0.47139999999999993,
        "dann_accuracy": 0.4596,
        "reduction": 0.011799999999999922,
        "relative_reduction": 0.025031820110309553,
        "dann_is_more_invariant": true
      }
    }
  }
}