{
  "eval_results": {
    "train": {
      "accuracy": 0.8259,
      "auc": 0.9032485539602707,
      "eer": 0.1766909273861143,
      "n_samples": 10000
    },
    "dev": {
      "accuracy": 0.2453,
      "auc": 0.4511821028511885,
      "eer": 0.5356249469804086,
      "n_samples": 10000
    },
    "eval": {
      "accuracy": 0.2043,
      "auc": 0.48333678194896046,
      "eer": 0.5269226032121391,
      "n_samples": 10000
    }
  },
  "feature_coefficients": {
    "peak_amp": -0.6627421115169845,
    "energy": -0.4989019768991846,
    "duration": -1.104469388108682,
    "lead_sil": -0.30018376276051295,
    "trail_sil": -0.6295937008281683
  },
  "config": {
    "max_samples": 10000,
    "seed": 42
  }
}