domain,n_samples,n_bonafide,n_spoof,eer,eer_threshold,min_dcf
1,98375,19864,78511,0.2173302161567762,0.9993284940719604,0.5761038220475455
2,98339,19931,78408,0.160410348029034,0.9987296462059021,0.3901745935732126
3,98280,20178,78102,0.1381742820768861,0.9988527297973633,0.3321510462849753
4,98346,19875,78471,0.13167608752470267,0.9993278980255127,0.3111099513989424
5,98372,20297,78075,0.12731146761340176,0.9994617104530334,0.30110499239984584
6,5815,1132,4683,0.13408207568311514,0.9999938011169434,0.2984432074815379
7,5816,1123,4693,0.1282520583981106,0.999992847442627,0.29508684520758915
8,5829,1139,4690,0.12113382666499435,0.9999935626983643,0.2893766461808603
NONE,171602,35149,136453,0.09667973207256206,0.9982990622520447,0.23377085036232687
