domain,n_samples,n_bonafide,n_spoof,eer,eer_threshold,min_dcf
1,7236,1450,5786,0.20757810171996616,0.9999476671218872,0.9993103448275862
2,7213,1504,5709,0.16289980965105488,0.9998143315315247,0.9901132450442192
3,7096,1452,5644,0.14460320621328288,0.9998651742935181,0.9719461218720288
4,7178,1471,5707,0.13269111352868856,0.9999184608459473,0.9431841369329852
5,7185,1449,5736,0.12148816381807104,0.9999473094940186,0.9906135669961393
6,397,80,317,0.1381506309148265,0.9999996423721313,0.9875
7,446,107,339,0.1197447136988945,0.9999992847442627,0.9250958012847021
8,429,89,340,0.14362194315928617,0.9999997615814209,0.9775280898876404
NONE,12820,2581,10239,0.10120150866207747,0.9997476935386658,0.8472622872056038
