{
  "best_epoch": 12,
  "best_eer": 0.043370499356232856,
  "final_epoch": 22,
  "final_val": {
    "loss": 1.6208500645770785,
    "task_loss": 1.6208500645770785,
    "task_acc": 0.7381801081655679,
    "eer": 0.04602686160886939,
    "min_dcf": 0.4382886347840604
  }
}