domain,n_samples,n_bonafide,n_spoof,eer,eer_threshold,min_dcf
1,98375,19864,78511,0.2457222156607538,0.9992276430130005,0.637685021953079
2,98339,19931,78408,0.18508585514832826,0.998456597328186,0.4424200041259577
3,98280,20178,78102,0.15912947822686457,0.9984105825424194,0.37817011565493014
4,98346,19875,78471,0.1509518117857745,0.998943030834198,0.35300260185050925
5,98372,20297,78075,0.14584065090025355,0.9990905523300171,0.3394377212767602
6,5815,1132,4683,0.15883478999674788,0.9999686479568481,0.35099898965433185
7,5816,1123,4693,0.15318403966119942,0.9999679327011108,0.34333782585571543
8,5829,1139,4690,0.14211714536560893,0.9999707937240601,0.3311049793051548
NONE,171602,35149,136453,0.10788344090115143,0.9974457025527954,0.2585692728745447
