domain,n_samples,n_bonafide,n_spoof,eer,eer_threshold,min_dcf
1,7236,1450,5786,0.23381670381539268,0.9999997615814209,1.0
2,7213,1504,5709,0.17552213190818527,0.9999985694885254,0.9986702127659575
3,7096,1452,5644,0.15220044006848982,0.9999988079071045,0.9986225895316805
4,7178,1471,5707,0.13864144323101008,0.9999996423721313,0.9986403806934059
5,7185,1449,5736,0.13111336342189533,0.9999997615814209,0.9986197377501727
6,397,80,317,0.2119282334384858,1.0,0.9875
7,446,107,339,0.17728062195021088,1.0,1.0
8,429,89,340,0.2471249173826834,1.0,0.9775280898876404
NONE,12820,2581,10239,0.10266006262794984,0.999998927116394,1.0
