domain,n_samples,n_bonafide,n_spoof,eer,eer_threshold,min_dcf
1,7236,1450,5786,0.27990667127549257,1.0,1.0
2,7213,1504,5709,0.21475464039608977,0.9999996423721313,0.9980053191489363
3,7096,1452,5644,0.1846855091732999,0.9999997615814209,0.9986225895316805
4,7178,1471,5707,0.17064991208454272,0.9999998807907104,0.999320190346703
5,7185,1449,5736,0.16553888701196323,1.0,0.9993098688750862
6,397,80,317,0.27472397476340693,1.0,0.9875
7,446,107,339,0.19547597386485815,1.0,1.0
8,429,89,340,0.2556840713813615,1.0,0.9775280898876404
NONE,12820,2581,10239,0.12984507542118418,0.9999998807907104,0.9992251065478497
