domain,n_samples,n_bonafide,n_spoof,eer,eer_threshold,min_dcf
1,98375,19864,78511,0.17247273114397915,0.9999662637710571,0.46513752702439953
2,98339,19931,78408,0.09392151289462164,0.9999183416366577,0.23936298012041135
3,98280,20178,78102,0.07547823220993906,0.9999192953109741,0.1911185025752937
4,98346,19875,78471,0.06148598003877409,0.9999674558639526,0.15453520293400055
5,98372,20297,78075,0.062475336355978274,0.999975323677063,0.15218869086413853
6,5815,1132,4683,0.07523368487929802,0.9999984502792358,0.19303133127944164
7,5816,1123,4693,0.06597537606928262,0.9999980926513672,0.16271102695722142
8,5829,1139,4690,0.06500062711651824,0.9999971389770508,0.15849742882227513
NONE,171602,35149,136453,0.04282282614082427,0.9999574422836304,0.10895546766725318
